[
    {
        "src":"https://image.xidibuy.com/shop/shop.ce00a3ab783c1d0ad5684a663ffe940b8ea394bd10b833263500842dd515aa3d.jpeg",
        "name":"德国原产DHT重型铸铝合金Lotan涂层煎炒多用不粘锅28cm送锅盖 黑色",
        "desc":"1. DHT, 德国原产锅具品牌，全称Deutsche Hochwertige Töpfe。工厂总部位于德国工业基础雄厚的北莱茵-威斯特法伦州（Nordrhein-Westfalen），精心雕琢、五代传承，DHT工厂为多个世界知名锅具品牌提供生产加工服务；2.不含有害物质PFOA，不含重金属铬，放心使用；3.储能时间长，每月可节省更多能源；4.加厚锅底，烹饪少油烟",
        "price":"¥799.00",
        "country":"德国",
        "flag":"https://static.xidibuy.com/images/flags/icon-de.png",
        "moreimg1":"https://image.xidibuy.com/shop/shop.ce00a3ab783c1d0affc5de769202052d11645b85c6d99d393500842dd515aa3d.jpeg",
        "moreimg2":"https://image.xidibuy.com/shop/shop.ce00a3ab783c1d0a993e3b90f614060766312857456c95ea358afc5948f29150.jpeg",
        "id":"g1",
        "imgarr":{
            "img1":"https://image.xidibuy.com/shop/shop.ce00a3ab783c1d0ad5684a663ffe940b8ea394bd10b833263500842dd515aa3d.jpeg",
            "img2":"https://image.xidibuy.com/shop/shop.ce00a3ab783c1d0a993e3b90f614060770f13c72066b292e3500842dd515aa3d.jpeg",
            "img3":"https://image.xidibuy.com/shop/shop.ce00a3ab783c1d0a993e3b90f6140607a6fbd001b7823bcd3500842dd515aa3d.jpeg"
        }
    },{
        "src":"https://image.xidibuy.com/shop/shop.b898da88e7cd463fd550bd591177042a1e4f916d18c4fade3500842dd515aa3d.jpeg",
        "name":"日本原产YOSHIKAWA吉川雪平锅不锈钢木柄汤锅两用22cm 燃气电磁炉用",
        "desc":"1.有颜值有担当的雪平锅在日本家庭中使用频率非常高的小锅，几乎成为日本家庭不可或缺的基础锅具。2.《雪平锅无油料理》作者冨田唯介说：我十七年前开始一个人生活，当时买的锅子就是雪平锅。现在回头想想，那是我从小看到大的锅子，我奶奶、妈妈都用雪平锅。雪平锅对我而言，是'要有的锅子'。",
        "price":"¥238.02",
        "country":"日本",
        "flag":"https://static.xidibuy.com/images/flags/icon-jp.png",
        "moreimg1":"https://image.xidibuy.com/shop/shop.b898da88e7cd463f0330c6680c6226efed757b1ea726a8113500842dd515aa3d.jpeg",
        "moreimg2":"https://image.xidibuy.com/shop/shop.b898da88e7cd463f0330c6680c6226ef7de3eea353c35e1d3500842dd515aa3d.jpeg",
        "id":"g2",
        "imgarr":{
            "img1":"https://image.xidibuy.com/shop/shop.b898da88e7cd463fd550bd591177042a1e4f916d18c4fade3500842dd515aa3d.jpeg",
            "img2":"https://image.xidibuy.com/shop/shop.b898da88e7cd463f187bda1e192de6706c3920a3605b7ed13500842dd515aa3d.jpeg",
            "img3":"https://image.xidibuy.com/shop/shop.b898da88e7cd463f187bda1e192de67070f03db9bd074fbc3500842dd515aa3d.jpeg",
            "img4":"https://image.xidibuy.com/shop/shop.b898da88e7cd463f187bda1e192de670cac19a71a76e93a23500842dd515aa3d.jpeg",
            "img5":"https://image.xidibuy.com/shop/shop.b898da88e7cd463f187bda1e192de6708c3c8b97f74a25ec3500842dd515aa3d.jpeg"

        }
    },{
        "src":"https://image.xidibuy.com/shop/shop.4f5802b265b9c04f6cf01e6b706fbe55d017987452dd2d723500842dd515aa3d.jpeg",
        "name":"意大利原产ALMA不粘锅免笊篱排水炖煮锅煲汤锅养生锅20cm 深蓝",
        "desc":"1.意大利ALMA公司原装进口 2.采用Greblon（威堡）品牌特氟龙不粘涂层 不含PFOA 3.锅身外侧为有机硅漆涂层，色泽鲜明易清洗 4.压铸铝材锅身，锅体轻巧，导热均匀，节能 5.电木手柄，隔热防滑",
        "price":"¥159.61",
        "country":"意大利",
        "flag":"https://static.xidibuy.com/images/flags/icon-it.png",
        "moreimg1":"https://image.xidibuy.com/shop/shop.4f5802b265b9c04fe68a9141e74166b929647fd6219f6a803500842dd515aa3d.jpeg",
        "moreimg2":"https://image.xidibuy.com/shop/shop.4f5802b265b9c04fdce8d22c523921f63fdaf8d672591713358afc5948f29150.jpeg",
        "id":"g3",
        "imgarr":{
            "img1":"https://image.xidibuy.com/shop/shop.4f5802b265b9c04f6cf01e6b706fbe55d017987452dd2d723500842dd515aa3d.jpeg"
        }
    },{
        "src":"https://image.xidibuy.com/shop/shop.227625e09f5300d19ebe19c1877370f7fa445bd3621b9b133500842dd515aa3d.jpeg",
        "name":"英国原产Netherton手工打造铸铁塔吉锅炖锅焖烧锅31cm 大红",
        "desc":"1,铸铁成分，亚麻籽油涂层，手工打造； 2,亚麻籽油养锅； 3,在烹调过程中只需少水，水汽均匀地滴落在食材上，食材容易熟烂，可以相当大程度地保持食物的原汁原味和营养。",
        "price":"¥954.99",
        "country":"英国",
        "flag":"https://static.xidibuy.com/images/flags/icon-uk.png",
        "moreimg1":"https://image.xidibuy.com/shop/shop.227625e09f5300d152d2027d8d4fb05764b6c86566244b353500842dd515aa3d.jpeg",
        "moreimg2":"https://image.xidibuy.com/shop/shop.227625e09f5300d11bb84c738dbeee6fcf19ab12f42517943500842dd515aa3d.jpeg",
        "id":"g4",
        "imgarr":{
            "img1":"https://image.xidibuy.com/shop/shop.227625e09f5300d19ebe19c1877370f7fa445bd3621b9b133500842dd515aa3d.jpeg",
            "img2":"https://image.xidibuy.com/shop/shop.227625e09f5300d1931a9e1aa06e1e5d079e14893901e9363500842dd515aa3d.png"
        }
    }
]