[
    {
    "src":"https://image.xidibuy.com/shop/shop.b4659ef42dbb69b83052aed4ee3a36a8b6fafc9756708db63500842dd515aa3d.jpeg/1500x1500/66",
    "name":"喂养用品"
    },
    {
    "src":"https://image.xidibuy.com/shop/shop.4831b40e5ad1745c53fcd790fd252655a425edb8f25382ad3500842dd515aa3d.jpeg/1500x1500/66",
    "name":"宝宝寝居"
    },
    {
    "src":"https://image.xidibuy.com/shop/shop.4c8eaf353dfad26248eed947a6110aca11e2447911e30db83500842dd515aa3d.jpeg/800x800/66",
    "name":"孕妈用品"
    },
    {
    "src":"https://image.xidibuy.com/shop/shop.b4659ef42dbb69b8afa92eb25cb498e40d2acdc3fc15245a3500842dd515aa3d.jpeg/1500x1500/66",
    "name":"婴幼服饰"
    },
    {
    "src":"https://image.xidibuy.com/shop/shop.e4e2c96c12d45183069bb4ab7b0ba260655cc76ca44fb4af3500842dd515aa3d.jpeg/800x800/66",
    "name":"专业洗护"
    },
    {
    "src":"https://image.xidibuy.com/shop/shop.e4e2c96c12d451830a01b56de13a514b139624d7affcbb233500842dd515aa3d.jpeg/1500x1500/66",
    "name":"儿童玩具"
    },
    {
    "src":"https://image.xidibuy.com/shop/shop.4831b40e5ad1745cd50d0f245e1da37f36f2eb32ec2a5cf73500842dd515aa3d.jpeg/1500x1500/66",
    "name":"纸尿裤"
    }
]