[
    {
    "src":"https://image.xidibuy.com/shop/shop.18bb4f5459583365f80051f35a63e19d29ecc8df7dd063d53500842dd515aa3d.jpeg/800x800/66",
    "name":"文具"
    },
    {
    "src":"https://image.xidibuy.com/shop/shop.4e4549b1b17e31034f76d3a26909d28ca3c2b35cfe1a4ef63500842dd515aa3d.jpeg/1134x1134/66",
    "name":"办公收纳"
    },
    {
    "src":"https://image.xidibuy.com/shop/shop.de831d95139414ec26c94ff98692573f9ca563f1def996183500842dd515aa3d.png/1600x1600/66",
    "name":"数码配件"
    },
    {
    "src":"https://image.xidibuy.com/shop/shop.b6ece8bb3446f2f8dfd462e1b3937944214e982157a861253500842dd515aa3d.jpeg/800x800/66",
    "name":"商务通勤"
    },
    {
    "src":"https://image.xidibuy.com/shop/shop.18bb4f5459583365486f57910b4d4c0eef7470619dad5f763500842dd515aa3d.jpeg/1000x1000/66",
    "name":"笔记本"
    },
    {
    "src":"https://image.xidibuy.com/shop/shop.1aa82f9e75094302bec6e9f884bb4a878cc4eb036e073dbc3500842dd515aa3d.jpeg/800x800/66",
    "name":"户外旅行"
    }
]