[
    {
    "src":"https://image.xidibuy.com/shop/shop.d2a2bc9d0bd39cc7c55e43ed6d113780cf102f50ef84d7093500842dd515aa3d.jpeg/800x800/66",
    "name":"潮流女包"
    },
    {
    "src":"https://image.xidibuy.com/shop/shop.a2af7bd535babbcbd27eb853ba7eba7587aff5d8825552ff3500842dd515aa3d.jpeg/1500x1500/66",
    "name":"精品男包"
    },
    {
    "src":"https://image.xidibuy.com/shop/shop.b2fee0a3a14c555d13cc0defd02bf1b5681f77de7d1c34ed3500842dd515aa3d.jpeg/1500x1500/66",
    "name":"功能箱包"
    },
    {
    "src":"https://image.xidibuy.com/shop/shop.8f8a0291f8e1729a63dd6dec646fe0eb94a9e82296eb3bd43500842dd515aa3d.jpeg/1000x1000/66",
    "name":"进口女鞋"
    },
    {
    "src":"https://image.xidibuy.com/shop/shop.b06caf8401559833b0a4649119ca1864d45089ab967a4a96358afc5948f29150.jpeg/1500x1500/66",
    "name":"精品男鞋"
    },
    {
    "src":"https://image.xidibuy.com/shop/shop.051d15f8921763617c64afa4887e1bb898449cfa840e152b358afc5948f29150.jpeg/800x800/66",
    "name":"服饰配件"
    },
    {
    "src":"https://image.xidibuy.com/shop/shop.f9fcdbfe855916b852fd7087e6ef249d8e0ff5b46b91a4613500842dd515aa3d.jpeg/800x800/66",
    "name":"时尚饰品"
    },
    {
    "src":"https://image.xidibuy.com/shop/shop.6ad912e4e44d2a02672958adfab2467ecee77b2b1602c1903500842dd515aa3d.png/1200x1200/66",
    "name":"眼镜腕表"
    }
]