[
    {
        "src":"https://image.xidibuy.com/folder/folder.8e383668cc0d04cf9915b8a25ffe13bad5e285a1b68e7da6bf5aa4c4361a27fb.jpeg/640x323",
        "name":"【生活家】购全球-日本站"
    },
    {
        "src":"https://image.xidibuy.com/folder/folder.8e383668cc0d04cf597e383ae51302d4c08b959919904895bf5aa4c4361a27fb.jpeg/690x348",
        "name":"【活动】口碑榜第三十一期获奖公告"
    },
    {
        "src":"https://image.xidibuy.com/folder/folder.8e383668cc0d04cff668e2528a50bc1d47f89553633d15d1bf5aa4c4361a27fb.jpeg/640x321",
        "name":"【公告】部分地区违禁品停发公告"
    },
    {
        "src":"https://image.xidibuy.com/folder/folder.8e383668cc0d04cf61df1a76261f5ab42e3224c74f4c689e0908ef4c15fe7ce1.jpeg/640x320",
        "name":"【种草】麦卢卡蜂蜜"
    },
    {
        "src":"https://image.xidibuy.com/folder/folder.8e383668cc0d04cf04326af41764efd2faf99df2cf2a3445bf5aa4c4361a27fb.jpeg/640x320",
        "name":"【种草】个人护理系列"
    },
    {
        "src":"https://image.xidibuy.com/folder/folder.8e383668cc0d04cfe11dc34a33c6c14842ade20dd465dc46bf5aa4c4361a27fb.jpeg/640x320",
        "name":"【种草】包具专场"
    }
]