[
    {
    "src":"https://image.xidibuy.com/shop/shop.e72be242527be08fea49bb0d6110369a3f1a6e70cb5d5e173500842dd515aa3d.jpeg/800x800/66",
    "name":"家居装饰"
    },
    {
    "src":"https://image.xidibuy.com/shop/shop.aed58972b9fcac843ee3b8cfec21ec68f4871b10795804053500842dd515aa3d.jpeg/1500x1500/66",
    "name":"布艺家纺"
    },
    {
    "src":"https://image.xidibuy.com/shop/shop.aed58972b9fcac841a78e56b6e0c6a9148ae3fc41073c74d0b9ea2f179c2bb0b.jpeg/800x800/66",
    "name":"收纳整理"
    },
    {
    "src":"https://image.xidibuy.com/shop/shop.f27fd4ca713a24ecc776de0a6927884adef308d42c6238f6358afc5948f29150.jpeg/1500x1500/66",
    "name":"清洁用品"
    },
    {
    "src":"https://image.xidibuy.com/shop/shop.7558c17aa6a38cf4226492f942d98268c934c1d3ec63ed3c3500842dd515aa3d.jpeg/1500x1500/66",
    "name":"家用电器"
    },
    {
    "src":"https://image.xidibuy.com/shop/shop.77f6c77da63db715c6f67833b26334a15e64e2579bb0cffb3500842dd515aa3d.jpeg/800x800/66",
    "name":"卡券礼包"
    }
]