[
    {
    "src":"https://image.xidibuy.com/shop/shop.da56cd3b6628d344dd14c4cbce3cf4c0c75b4435ff4eb3413500842dd515aa3d.jpeg/1500x1500/66",
    "name":"美容工具"
    },
    {
    "src":"https://image.xidibuy.com/shop/shop.5a081c4c1d0bbdcd8570c178350a5166a439537b0504a8f73500842dd515aa3d.jpeg/800x800/66",
    "name":"面部护理"
    },
    {
    "src":"https://image.xidibuy.com/shop/shop.a8eef4c6ef3cd6c99fa6cf856aad5be0bd0b5a7cf0e440523500842dd515aa3d.jpeg/1500x1500/66",
    "name":"口腔护理"
    },
    {
    "src":"https://image.xidibuy.com/shop/shop.810844bb3d132a184c2b4c7259e1e98add57357b4bb97f093500842dd515aa3d.jpeg/1500x1500/66",
    "name":"身体护理"
    },
    {
    "src":"https://image.xidibuy.com/shop/shop.fd1c93030b5ed94e1dae22a828450168d9e609bb4e8fe6ac3500842dd515aa3d.jpeg/1500x1500/66",
    "name":"美发护发"
    },
    {
    "src":"https://image.xidibuy.com/shop/shop.ded4b533a6b01276335e6018a039b0e5ee76944d64652fdc3500842dd515aa3d.jpeg/1500x1500/66",
    "name":"沐浴用品"
    },
    {
    "src":"https://image.xidibuy.com/shop/shop.14d337e91f577d1fc39bd36c6a397b1f7cd100fd67be544d3500842dd515aa3d.jpeg/1500x1500/66",
    "name":"洗护收纳"
    },
    {
    "src":"https://image.xidibuy.com/shop/shop.e4e2c96c12d451831efeebf16e0d973b83a0478752790b303500842dd515aa3d.jpeg/1500x1500/66",
    "name":"家庭护理"
    }
]