[
    {
    "src":"https://image.xidibuy.com/shop/shop.b898da88e7cd463f50914c5d8b2828358bbb67b48ac1bf540b9ea2f179c2bb0b.jpeg/1500x1500/66",
    "name":"锅具"
    },
    {
    "src":"https://image.xidibuy.com/shop/shop.b898da88e7cd463f0e5481da65cb0b050b36abb2c5dc4a5e3500842dd515aa3d.jpeg/1500x1500/66",
    "name":"餐具"
    },
    {
    "src":"https://image.xidibuy.com/shop/shop.8c0602c6ef7be9d74f806593d320d6aa0a9b93739a306e2b3500842dd515aa3d.jpeg/1500x1500/66",
    "name":"刀铲砧板"
    },
    {
    "src":"https://image.xidibuy.com/shop/shop.dbd81d50ce0d85ec9374074091e20061e7d62ebff62ed1c1358afc5948f29150.jpeg/1500x1500/66",
    "name":"酒具"
    },
    {
    "src":"https://image.xidibuy.com/shop/shop.e42fe8a6caa54b21d31f833371797dc2b79b91053f3a11eb3500842dd515aa3d.jpeg/1500x1500/66",
    "name":"水杯水壶"
    },
    {
    "src":"https://image.xidibuy.com/shop/shop.b898da88e7cd463f8dc5897cdc9a082e6b6aeae204dca0193500842dd515aa3d.jpeg/1500x1500/66",
    "name":"厨用工具"
    },
    {
    "src":"https://image.xidibuy.com/shop/shop.e42fe8a6caa54b215ede86b1f4527ea7bf27b3c55bb7658d3500842dd515aa3d.png/800x800/66",
    "name":"咖啡杯/茶具"
    },
    {
    "src":"https://image.xidibuy.com/shop/shop.ded4b533a6b01276e62b48d08044f928d6e4bd1ccd9101453500842dd515aa3d.jpeg/1000x1000/66",
    "name":"烘焙用品"
    },
    {
    "src":"https://image.xidibuy.com/shop/shop.53a7cbfbf394f430b8cd5f5f41f197e947dce5e2df6a6bff3500842dd515aa3d.jpeg/1500x1500/66",
    "name":"进口食品"
    }
]